regionId,regionName,date,percent
1,Ryazan Oblast,2001-01-01T00:00:00,26.5000
1,Ryazan Oblast,2001-02-01T00:00:00,27.3000
1,Ryazan Oblast,2001-03-01T00:00:00,23.6000
1,Ryazan Oblast,2001-04-01T00:00:00,24.1000
1,Ryazan Oblast,2001-05-01T00:00:00,22.6000
1,Ryazan Oblast,2001-06-01T00:00:00,23.6000
1,Ryazan Oblast,2001-07-01T00:00:00,21.7000
1,Ryazan Oblast,2001-08-01T00:00:00,17.3000
1,Ryazan Oblast,2001-09-01T00:00:00,21.3000
1,Ryazan Oblast,2001-10-01T00:00:00,21.8580
1,Ryazan Oblast,2001-11-01T00:00:00,13.6000
1,Ryazan Oblast,2001-12-01T00:00:00,22.6000
1,Ryazan Oblast,2002-01-01T00:00:00,23.5000
1,Ryazan Oblast,2002-02-01T00:00:00,23.2000
1,Ryazan Oblast,2002-03-01T00:00:00,23.5000
1,Ryazan Oblast,2002-04-01T00:00:00,23.6000
1,Ryazan Oblast,2002-05-01T00:00:00,22.0000
1,Ryazan Oblast,2002-06-01T00:00:00,23.5000
1,Ryazan Oblast,2002-07-01T00:00:00,23.6000
1,Ryazan Oblast,2002-08-01T00:00:00,23.5000
1,Ryazan Oblast,2002-09-01T00:00:00,22.1000
1,Ryazan Oblast,2002-10-01T00:00:00,22.4000
1,Ryazan Oblast,2002-11-01T00:00:00,21.6000
1,Ryazan Oblast,2002-12-01T00:00:00,21.9000
1,Ryazan Oblast,2003-01-01T00:00:00,20.3000
1,Ryazan Oblast,2003-02-01T00:00:00,22.8000
1,Ryazan Oblast,2003-03-01T00:00:00,21.9000
1,Ryazan Oblast,2003-04-01T00:00:00,21.3000
1,Ryazan Oblast,2003-05-01T00:00:00,20.2000
1,Ryazan Oblast,2003-06-01T00:00:00,20.2000
1,Ryazan Oblast,2003-07-01T00:00:00,21.0000
1,Ryazan Oblast,2003-08-01T00:00:00,20.2000
1,Ryazan Oblast,2003-09-01T00:00:00,20.1000
1,Ryazan Oblast,2003-10-01T00:00:00,18.0000
1,Ryazan Oblast,2003-11-01T00:00:00,19.0000
1,Ryazan Oblast,2003-12-01T00:00:00,17.5000
1,Ryazan Oblast,2004-01-01T00:00:00,16.9000
1,Ryazan Oblast,2004-02-01T00:00:00,17.3000
1,Ryazan Oblast,2004-03-01T00:00:00,16.1000
1,Ryazan Oblast,2004-04-01T00:00:00,16.8000
1,Ryazan Oblast,2004-05-01T00:00:00,16.9000
5,Vladimir Oblast,2001-01-01T00:00:00,26.8000
5,Vladimir Oblast,2001-02-01T00:00:00,26.0800
5,Vladimir Oblast,2001-03-01T00:00:00,25.9500
5,Vladimir Oblast,2001-04-01T00:00:00,25.9000
5,Vladimir Oblast,2001-05-01T00:00:00,26.9957
5,Vladimir Oblast,2001-06-01T00:00:00,34.1000
5,Vladimir Oblast,2001-07-01T00:00:00,25.7138
5,Vladimir Oblast,2001-08-01T00:00:00,26.0329
5,Vladimir Oblast,2001-09-01T00:00:00,25.8678
5,Vladimir Oblast,2001-10-01T00:00:00,25.6554
5,Vladimir Oblast,2001-11-01T00:00:00,26.3467
5,Vladimir Oblast,2001-12-01T00:00:00,26.5862
5,Vladimir Oblast,2002-01-01T00:00:00,26.5335
5,Vladimir Oblast,2002-02-01T00:00:00,27.6441
5,Vladimir Oblast,2002-03-01T00:00:00,27.4266
5,Vladimir Oblast,2002-04-01T00:00:00,27.6614
5,Vladimir Oblast,2002-05-01T00:00:00,27.3735
5,Vladimir Oblast,2002-06-01T00:00:00,21.3000
5,Vladimir Oblast,2002-07-01T00:00:00,27.3594
5,Vladimir Oblast,2002-08-01T00:00:00,26.6553
5,Vladimir Oblast,2002-09-01T00:00:00,26.7117
5,Vladimir Oblast,2002-10-01T00:00:00,26.4150
5,Vladimir Oblast,2002-11-01T00:00:00,26.6226
5,Vladimir Oblast,2002-12-01T00:00:00,26.8837
5,Vladimir Oblast,2003-01-01T00:00:00,24.1842
5,Vladimir Oblast,2003-02-01T00:00:00,26.0800
5,Vladimir Oblast,2003-03-01T00:00:00,26.6812
5,Vladimir Oblast,2003-04-01T00:00:00,26.8356
5,Vladimir Oblast,2003-05-01T00:00:00,26.3733
5,Vladimir Oblast,2003-06-01T00:00:00,24.9863
5,Vladimir Oblast,2003-07-01T00:00:00,22.7730
5,Vladimir Oblast,2003-08-01T00:00:00,24.8684
5,Vladimir Oblast,2003-09-01T00:00:00,24.6555
5,Vladimir Oblast,2003-10-01T00:00:00,24.5896
5,Vladimir Oblast,2003-11-01T00:00:00,24.3098
5,Vladimir Oblast,2003-12-01T00:00:00,24.3338
5,Vladimir Oblast,2004-01-01T00:00:00,19.3386
5,Vladimir Oblast,2004-02-01T00:00:00,15.4125
5,Vladimir Oblast,2004-03-01T00:00:00,19.2649
5,Vladimir Oblast,2004-04-01T00:00:00,19.0715
5,Vladimir Oblast,2004-05-01T00:00:00,17.9415
9,Kaluga Oblast,2001-01-01T00:00:00,31.0000
9,Kaluga Oblast,2001-02-01T00:00:00,12.0000
9,Kaluga Oblast,2001-03-01T00:00:00,15.0000
9,Kaluga Oblast,2001-04-01T00:00:00,19.0000
9,Kaluga Oblast,2001-05-01T00:00:00,20.0000
9,Kaluga Oblast,2001-06-01T00:00:00,15.0000
9,Kaluga Oblast,2001-07-01T00:00:00,16.0000
9,Kaluga Oblast,2001-08-01T00:00:00,22.8000
9,Kaluga Oblast,2001-09-01T00:00:00,18.0000
9,Kaluga Oblast,2001-10-01T00:00:00,14.0000
9,Kaluga Oblast,2001-11-01T00:00:00,19.0000
9,Kaluga Oblast,2001-12-01T00:00:00,22.9000
9,Kaluga Oblast,2002-01-01T00:00:00,23.0000
9,Kaluga Oblast,2002-02-01T00:00:00,16.0000
9,Kaluga Oblast,2002-03-01T00:00:00,21.0000
9,Kaluga Oblast,2002-04-01T00:00:00,17.0000
9,Kaluga Oblast,2002-05-01T00:00:00,26.0000
9,Kaluga Oblast,2002-06-01T00:00:00,26.0000
9,Kaluga Oblast,2002-07-01T00:00:00,20.0000
9,Kaluga Oblast,2002-08-01T00:00:00,21.4000
9,Kaluga Oblast,2002-09-01T00:00:00,27.0000
9,Kaluga Oblast,2002-10-01T00:00:00,27.9000
9,Kaluga Oblast,2002-11-01T00:00:00,24.0000
9,Kaluga Oblast,2002-12-01T00:00:00,18.0000
9,Kaluga Oblast,2003-01-01T00:00:00,27.4000
9,Kaluga Oblast,2003-02-01T00:00:00,15.5000
9,Kaluga Oblast,2003-03-01T00:00:00,19.8000
9,Kaluga Oblast,2003-04-01T00:00:00,15.1000
9,Kaluga Oblast,2003-05-01T00:00:00,17.6300
9,Kaluga Oblast,2003-06-01T00:00:00,25.4500
9,Kaluga Oblast,2003-07-01T00:00:00,20.2900
9,Kaluga Oblast,2003-08-01T00:00:00,20.3800
9,Kaluga Oblast,2003-09-01T00:00:00,23.7800
9,Kaluga Oblast,2003-10-01T00:00:00,13.2800
9,Kaluga Oblast,2003-11-01T00:00:00,17.8100
9,Kaluga Oblast,2003-12-01T00:00:00,17.3600
9,Kaluga Oblast,2004-01-01T00:00:00,18.5500
9,Kaluga Oblast,2004-02-01T00:00:00,22.5500
9,Kaluga Oblast,2004-03-01T00:00:00,20.3500
9,Kaluga Oblast,2004-04-01T00:00:00,18.8600
9,Kaluga Oblast,2004-05-01T00:00:00,16.7900
16,Voronezh Oblast,2001-01-01T00:00:00,19.1000
16,Voronezh Oblast,2001-02-01T00:00:00,22.7000
16,Voronezh Oblast,2001-03-01T00:00:00,20.6000
16,Voronezh Oblast,2001-04-01T00:00:00,22.5000
16,Voronezh Oblast,2001-05-01T00:00:00,21.0000
16,Voronezh Oblast,2001-06-01T00:00:00,21.0000
16,Voronezh Oblast,2001-07-01T00:00:00,20.9000
16,Voronezh Oblast,2001-08-01T00:00:00,20.6000
16,Voronezh Oblast,2001-09-01T00:00:00,21.3000
16,Voronezh Oblast,2001-10-01T00:00:00,20.3000
16,Voronezh Oblast,2001-11-01T00:00:00,21.7000
16,Voronezh Oblast,2001-12-01T00:00:00,22.0000
16,Voronezh Oblast,2002-01-01T00:00:00,23.7000
16,Voronezh Oblast,2002-02-01T00:00:00,22.3000
16,Voronezh Oblast,2002-03-01T00:00:00,22.3000
16,Voronezh Oblast,2002-04-01T00:00:00,22.6000
16,Voronezh Oblast,2002-05-01T00:00:00,23.2000
16,Voronezh Oblast,2002-06-01T00:00:00,21.9000
16,Voronezh Oblast,2002-07-01T00:00:00,22.8000
16,Voronezh Oblast,2002-08-01T00:00:00,22.5000
16,Voronezh Oblast,2002-09-01T00:00:00,22.3000
16,Voronezh Oblast,2002-10-01T00:00:00,21.8000
16,Voronezh Oblast,2002-11-01T00:00:00,22.1000
16,Voronezh Oblast,2002-12-01T00:00:00,21.9000
16,Voronezh Oblast,2003-01-01T00:00:00,21.7000
16,Voronezh Oblast,2003-02-01T00:00:00,20.2000
16,Voronezh Oblast,2003-03-01T00:00:00,19.9000
16,Voronezh Oblast,2003-04-01T00:00:00,19.2000
16,Voronezh Oblast,2003-05-01T00:00:00,19.1000
16,Voronezh Oblast,2003-06-01T00:00:00,18.1000
16,Voronezh Oblast,2003-07-01T00:00:00,17.4000
16,Voronezh Oblast,2003-08-01T00:00:00,17.2000
16,Voronezh Oblast,2003-09-01T00:00:00,18.0000
16,Voronezh Oblast,2003-10-01T00:00:00,17.2000
16,Voronezh Oblast,2003-11-01T00:00:00,17.4000
16,Voronezh Oblast,2003-12-01T00:00:00,17.3000
16,Voronezh Oblast,2004-01-01T00:00:00,18.1000
16,Voronezh Oblast,2004-03-01T00:00:00,16.6000
16,Voronezh Oblast,2004-04-01T00:00:00,16.6000
18,Kostroma Oblast,2001-01-01T00:00:00,30.1000
18,Kostroma Oblast,2001-02-01T00:00:00,31.3000
18,Kostroma Oblast,2001-03-01T00:00:00,26.7000
18,Kostroma Oblast,2001-04-01T00:00:00,25.8000
18,Kostroma Oblast,2001-05-01T00:00:00,27.6000
18,Kostroma Oblast,2001-06-01T00:00:00,25.4000
18,Kostroma Oblast,2001-07-01T00:00:00,27.0200
18,Kostroma Oblast,2001-08-01T00:00:00,28.8000
18,Kostroma Oblast,2001-09-01T00:00:00,33.5000
18,Kostroma Oblast,2001-10-01T00:00:00,25.7000
18,Kostroma Oblast,2001-11-01T00:00:00,21.0000
18,Kostroma Oblast,2001-12-01T00:00:00,26.2000
18,Kostroma Oblast,2002-01-01T00:00:00,21.0000
18,Kostroma Oblast,2002-02-01T00:00:00,21.3000
18,Kostroma Oblast,2002-03-01T00:00:00,21.8000
18,Kostroma Oblast,2002-04-01T00:00:00,21.2000
18,Kostroma Oblast,2002-05-01T00:00:00,23.1000
18,Kostroma Oblast,2002-06-01T00:00:00,22.4000
18,Kostroma Oblast,2002-07-01T00:00:00,21.1000
18,Kostroma Oblast,2002-08-01T00:00:00,19.4000
18,Kostroma Oblast,2002-09-01T00:00:00,20.7000
18,Kostroma Oblast,2002-10-01T00:00:00,27.3000
18,Kostroma Oblast,2002-11-01T00:00:00,19.5000
18,Kostroma Oblast,2002-12-01T00:00:00,20.4000
18,Kostroma Oblast,2003-01-01T00:00:00,20.8000
18,Kostroma Oblast,2003-02-01T00:00:00,19.9000
18,Kostroma Oblast,2003-03-01T00:00:00,19.2000
18,Kostroma Oblast,2003-04-01T00:00:00,19.1000
18,Kostroma Oblast,2003-05-01T00:00:00,24.3000
18,Kostroma Oblast,2003-06-01T00:00:00,21.2000
18,Kostroma Oblast,2003-07-01T00:00:00,17.7000
18,Kostroma Oblast,2003-08-01T00:00:00,12.6000
18,Kostroma Oblast,2003-09-01T00:00:00,17.2000
18,Kostroma Oblast,2003-10-01T00:00:00,16.8000
18,Kostroma Oblast,2003-11-01T00:00:00,7.2000
18,Kostroma Oblast,2003-12-01T00:00:00,8.8000
18,Kostroma Oblast,2004-01-01T00:00:00,8.9000
18,Kostroma Oblast,2004-02-01T00:00:00,7.1000
18,Kostroma Oblast,2004-03-01T00:00:00,14.5000
18,Kostroma Oblast,2004-04-01T00:00:00,14.8000
18,Kostroma Oblast,2004-05-01T00:00:00,26.2000
23,Moscow,2001-01-01T00:00:00,9.8860
23,Moscow,2001-02-01T00:00:00,10.1980
23,Moscow,2001-03-01T00:00:00,10.5140
23,Moscow,2001-04-01T00:00:00,10.1790
23,Moscow,2001-05-01T00:00:00,10.0490
23,Moscow,2001-06-01T00:00:00,10.0480
23,Moscow,2001-07-01T00:00:00,9.8200
23,Moscow,2001-08-01T00:00:00,10.3710
23,Moscow,2001-09-01T00:00:00,9.6840
23,Moscow,2001-10-01T00:00:00,9.3690
23,Moscow,2001-11-01T00:00:00,9.1560
23,Moscow,2001-12-01T00:00:00,9.1920
23,Moscow,2002-01-01T00:00:00,13.9330
23,Moscow,2002-02-01T00:00:00,17.5840
23,Moscow,2002-03-01T00:00:00,15.1490
23,Moscow,2002-04-01T00:00:00,14.5500
23,Moscow,2002-05-01T00:00:00,15.8270
23,Moscow,2002-06-01T00:00:00,14.9780
23,Moscow,2002-07-01T00:00:00,14.6180
23,Moscow,2002-08-01T00:00:00,15.1280
23,Moscow,2002-09-01T00:00:00,14.1330
23,Moscow,2002-10-01T00:00:00,12.4670
23,Moscow,2002-11-01T00:00:00,12.3330
23,Moscow,2002-12-01T00:00:00,13.6080
23,Moscow,2003-01-01T00:00:00,13.9510
23,Moscow,2003-02-01T00:00:00,13.1040
23,Moscow,2003-03-01T00:00:00,12.7370
23,Moscow,2003-04-01T00:00:00,12.1240
23,Moscow,2003-05-01T00:00:00,15.2570
23,Moscow,2003-06-01T00:00:00,10.9290
23,Moscow,2003-07-01T00:00:00,10.5940
23,Moscow,2003-08-01T00:00:00,10.7460
23,Moscow,2003-09-01T00:00:00,10.4110
23,Moscow,2003-10-01T00:00:00,12.2900
23,Moscow,2003-11-01T00:00:00,11.9030
23,Moscow,2003-12-01T00:00:00,11.2940
23,Moscow,2004-01-01T00:00:00,11.2780
23,Moscow,2004-02-01T00:00:00,10.9710
23,Moscow,2004-03-01T00:00:00,11.5900
23,Moscow,2004-04-01T00:00:00,10.9390
25,Yaroslavl Oblast,2001-01-01T00:00:00,30.1000
25,Yaroslavl Oblast,2001-02-01T00:00:00,29.0000
25,Yaroslavl Oblast,2001-03-01T00:00:00,26.8000
25,Yaroslavl Oblast,2001-04-01T00:00:00,26.8000
25,Yaroslavl Oblast,2001-05-01T00:00:00,27.2000
25,Yaroslavl Oblast,2001-06-01T00:00:00,28.7000
25,Yaroslavl Oblast,2001-07-01T00:00:00,26.9000
25,Yaroslavl Oblast,2001-08-01T00:00:00,27.1000
25,Yaroslavl Oblast,2001-09-01T00:00:00,25.7000
25,Yaroslavl Oblast,2001-10-01T00:00:00,26.1000
25,Yaroslavl Oblast,2001-11-01T00:00:00,26.8000
25,Yaroslavl Oblast,2001-12-01T00:00:00,25.6000
25,Yaroslavl Oblast,2002-01-01T00:00:00,25.2000
25,Yaroslavl Oblast,2002-02-01T00:00:00,24.9000
25,Yaroslavl Oblast,2002-03-01T00:00:00,25.8000
25,Yaroslavl Oblast,2002-04-01T00:00:00,26.0000
25,Yaroslavl Oblast,2002-05-01T00:00:00,25.8000
25,Yaroslavl Oblast,2002-06-01T00:00:00,27.3000
25,Yaroslavl Oblast,2002-07-01T00:00:00,26.3000
25,Yaroslavl Oblast,2002-08-01T00:00:00,26.0000
25,Yaroslavl Oblast,2002-09-01T00:00:00,29.7000
25,Yaroslavl Oblast,2002-10-01T00:00:00,24.7000
25,Yaroslavl Oblast,2002-11-01T00:00:00,24.7000
25,Yaroslavl Oblast,2002-12-01T00:00:00,23.6000
25,Yaroslavl Oblast,2003-01-01T00:00:00,23.8000
25,Yaroslavl Oblast,2003-02-01T00:00:00,23.5000
25,Yaroslavl Oblast,2003-03-01T00:00:00,23.4000
25,Yaroslavl Oblast,2003-04-01T00:00:00,23.0000
25,Yaroslavl Oblast,2003-05-01T00:00:00,22.7000
25,Yaroslavl Oblast,2003-06-01T00:00:00,22.6000
25,Yaroslavl Oblast,2003-07-01T00:00:00,21.7000
25,Yaroslavl Oblast,2003-08-01T00:00:00,21.8000
25,Yaroslavl Oblast,2003-09-01T00:00:00,20.0000
25,Yaroslavl Oblast,2003-10-01T00:00:00,19.7000
25,Yaroslavl Oblast,2003-11-01T00:00:00,20.0000
25,Yaroslavl Oblast,2003-12-01T00:00:00,19.6000
25,Yaroslavl Oblast,2004-01-01T00:00:00,20.3000
25,Yaroslavl Oblast,2004-02-01T00:00:00,18.4000
25,Yaroslavl Oblast,2004-03-01T00:00:00,18.7000
25,Yaroslavl Oblast,2004-04-01T00:00:00,18.4000
25,Yaroslavl Oblast,2004-05-01T00:00:00,17.6000
28,Ivanovo Oblast,2001-01-01T00:00:00,26.6000
28,Ivanovo Oblast,2001-02-01T00:00:00,27.0000
28,Ivanovo Oblast,2001-03-01T00:00:00,26.7000
28,Ivanovo Oblast,2001-04-01T00:00:00,26.4000
28,Ivanovo Oblast,2001-05-01T00:00:00,27.1000
28,Ivanovo Oblast,2001-06-01T00:00:00,26.8000
28,Ivanovo Oblast,2001-07-01T00:00:00,26.4000
28,Ivanovo Oblast,2001-08-01T00:00:00,27.4000
28,Ivanovo Oblast,2001-09-01T00:00:00,26.5000
28,Ivanovo Oblast,2001-10-01T00:00:00,26.5000
28,Ivanovo Oblast,2001-11-01T00:00:00,26.4000
28,Ivanovo Oblast,2001-12-01T00:00:00,26.1000
28,Ivanovo Oblast,2002-01-01T00:00:00,26.9000
28,Ivanovo Oblast,2002-02-01T00:00:00,25.8000
28,Ivanovo Oblast,2002-03-01T00:00:00,24.9000
28,Ivanovo Oblast,2002-04-01T00:00:00,25.9600
28,Ivanovo Oblast,2002-05-01T00:00:00,25.2959
28,Ivanovo Oblast,2002-06-01T00:00:00,24.9490
28,Ivanovo Oblast,2002-07-01T00:00:00,24.4140
28,Ivanovo Oblast,2002-08-01T00:00:00,25.2597
28,Ivanovo Oblast,2002-09-01T00:00:00,23.1764
28,Ivanovo Oblast,2002-10-01T00:00:00,23.4003
28,Ivanovo Oblast,2002-11-01T00:00:00,22.9126
28,Ivanovo Oblast,2002-12-01T00:00:00,22.9000
28,Ivanovo Oblast,2003-01-01T00:00:00,23.1900
28,Ivanovo Oblast,2003-02-01T00:00:00,23.2000
28,Ivanovo Oblast,2003-03-01T00:00:00,23.2300
28,Ivanovo Oblast,2003-04-01T00:00:00,20.2400
28,Ivanovo Oblast,2003-05-01T00:00:00,20.0600
28,Ivanovo Oblast,2003-06-01T00:00:00,20.0996
28,Ivanovo Oblast,2003-07-01T00:00:00,19.8304
28,Ivanovo Oblast,2003-08-01T00:00:00,18.7704
28,Ivanovo Oblast,2003-09-01T00:00:00,17.4400
28,Ivanovo Oblast,2003-10-01T00:00:00,18.9532
28,Ivanovo Oblast,2003-11-01T00:00:00,18.4981
28,Ivanovo Oblast,2003-12-01T00:00:00,18.1500
28,Ivanovo Oblast,2004-01-01T00:00:00,18.4700
28,Ivanovo Oblast,2004-02-01T00:00:00,17.2600
28,Ivanovo Oblast,2004-03-01T00:00:00,16.7774
28,Ivanovo Oblast,2004-04-01T00:00:00,16.3480
30,Belgorod Oblast,2001-01-01T00:00:00,23.4000
30,Belgorod Oblast,2001-02-01T00:00:00,28.1000
30,Belgorod Oblast,2001-03-01T00:00:00,26.4000
30,Belgorod Oblast,2001-04-01T00:00:00,27.3000
30,Belgorod Oblast,2001-05-01T00:00:00,25.2000
30,Belgorod Oblast,2001-06-01T00:00:00,25.1000
30,Belgorod Oblast,2001-07-01T00:00:00,24.4000
30,Belgorod Oblast,2001-09-01T00:00:00,22.7000
30,Belgorod Oblast,2001-10-01T00:00:00,24.3000
30,Belgorod Oblast,2001-11-01T00:00:00,24.3000
30,Belgorod Oblast,2001-12-01T00:00:00,24.1000
30,Belgorod Oblast,2002-01-01T00:00:00,23.8000
30,Belgorod Oblast,2002-02-01T00:00:00,23.6000
30,Belgorod Oblast,2002-03-01T00:00:00,23.8000
30,Belgorod Oblast,2002-05-01T00:00:00,23.6000
30,Belgorod Oblast,2002-06-01T00:00:00,22.6000
30,Belgorod Oblast,2002-07-01T00:00:00,20.8000
30,Belgorod Oblast,2002-08-01T00:00:00,22.8000
30,Belgorod Oblast,2002-09-01T00:00:00,20.5000
30,Belgorod Oblast,2002-10-01T00:00:00,22.6000
30,Belgorod Oblast,2002-11-01T00:00:00,22.4000
30,Belgorod Oblast,2002-12-01T00:00:00,22.8000
30,Belgorod Oblast,2003-01-01T00:00:00,21.4000
30,Belgorod Oblast,2003-02-01T00:00:00,22.1000
30,Belgorod Oblast,2003-03-01T00:00:00,21.6000
30,Belgorod Oblast,2003-04-01T00:00:00,20.9000
30,Belgorod Oblast,2003-05-01T00:00:00,22.1000
30,Belgorod Oblast,2003-06-01T00:00:00,21.5000
30,Belgorod Oblast,2003-07-01T00:00:00,20.5000
30,Belgorod Oblast,2003-08-01T00:00:00,17.4000
30,Belgorod Oblast,2003-09-01T00:00:00,18.1000
30,Belgorod Oblast,2003-10-01T00:00:00,18.0000
30,Belgorod Oblast,2003-11-01T00:00:00,18.4000
30,Belgorod Oblast,2003-12-01T00:00:00,18.2000
30,Belgorod Oblast,2004-01-01T00:00:00,17.9000
30,Belgorod Oblast,2004-02-01T00:00:00,18.4000
30,Belgorod Oblast,2004-03-01T00:00:00,16.8000
30,Belgorod Oblast,2004-04-01T00:00:00,16.6000
30,Belgorod Oblast,2004-05-01T00:00:00,16.8278
31,Moscow Oblast,2001-01-01T00:00:00,3.6948
31,Moscow Oblast,2001-02-01T00:00:00,3.0947
31,Moscow Oblast,2001-03-01T00:00:00,2.8289
31,Moscow Oblast,2001-04-01T00:00:00,2.9383
31,Moscow Oblast,2001-05-01T00:00:00,3.6417
31,Moscow Oblast,2001-06-01T00:00:00,3.3925
31,Moscow Oblast,2001-07-01T00:00:00,6.1848
31,Moscow Oblast,2001-08-01T00:00:00,3.5286
31,Moscow Oblast,2001-09-01T00:00:00,3.6305
31,Moscow Oblast,2001-10-01T00:00:00,4.1504
31,Moscow Oblast,2001-11-01T00:00:00,3.3670
31,Moscow Oblast,2001-12-01T00:00:00,3.4206
31,Moscow Oblast,2002-01-01T00:00:00,18.6820
31,Moscow Oblast,2002-02-01T00:00:00,23.1290
31,Moscow Oblast,2002-03-01T00:00:00,21.6380
31,Moscow Oblast,2002-04-01T00:00:00,23.2560
31,Moscow Oblast,2002-05-01T00:00:00,22.0480
31,Moscow Oblast,2002-06-01T00:00:00,18.8910
31,Moscow Oblast,2002-07-01T00:00:00,19.5800
31,Moscow Oblast,2002-08-01T00:00:00,20.2300
31,Moscow Oblast,2002-09-01T00:00:00,18.6820
31,Moscow Oblast,2002-10-01T00:00:00,20.0710
31,Moscow Oblast,2002-11-01T00:00:00,20.9660
31,Moscow Oblast,2002-12-01T00:00:00,19.8630
31,Moscow Oblast,2003-01-01T00:00:00,19.2540
31,Moscow Oblast,2003-02-01T00:00:00,12.8120
31,Moscow Oblast,2003-03-01T00:00:00,16.2340
31,Moscow Oblast,2003-04-01T00:00:00,18.2860
31,Moscow Oblast,2003-05-01T00:00:00,18.7760
31,Moscow Oblast,2003-06-01T00:00:00,18.9900
31,Moscow Oblast,2003-07-01T00:00:00,18.0250
31,Moscow Oblast,2003-08-01T00:00:00,13.3870
31,Moscow Oblast,2003-09-01T00:00:00,16.8140
31,Moscow Oblast,2003-10-01T00:00:00,15.4590
31,Moscow Oblast,2003-11-01T00:00:00,16.7450
31,Moscow Oblast,2003-12-01T00:00:00,18.1000
31,Moscow Oblast,2004-01-01T00:00:00,15.9680
31,Moscow Oblast,2004-02-01T00:00:00,15.2420
31,Moscow Oblast,2004-03-01T00:00:00,13.7290
31,Moscow Oblast,2004-04-01T00:00:00,11.9400
35,Tula Oblast,2001-01-01T00:00:00,25.7000
35,Tula Oblast,2001-02-01T00:00:00,27.5600
35,Tula Oblast,2001-03-01T00:00:00,27.0600
35,Tula Oblast,2001-04-01T00:00:00,27.2000
35,Tula Oblast,2001-05-01T00:00:00,27.0600
35,Tula Oblast,2001-06-01T00:00:00,26.7800
35,Tula Oblast,2001-07-01T00:00:00,26.1000
35,Tula Oblast,2001-08-01T00:00:00,26.3300
35,Tula Oblast,2001-09-01T00:00:00,26.0700
35,Tula Oblast,2001-10-01T00:00:00,26.1500
35,Tula Oblast,2001-11-01T00:00:00,25.8500
35,Tula Oblast,2001-12-01T00:00:00,26.4100
35,Tula Oblast,2002-01-01T00:00:00,25.8800
35,Tula Oblast,2002-02-01T00:00:00,25.5400
35,Tula Oblast,2002-03-01T00:00:00,25.8500
35,Tula Oblast,2002-04-01T00:00:00,25.0200
35,Tula Oblast,2002-05-01T00:00:00,26.3900
35,Tula Oblast,2002-06-01T00:00:00,25.4000
35,Tula Oblast,2002-07-01T00:00:00,25.3300
35,Tula Oblast,2002-08-01T00:00:00,25.8600
35,Tula Oblast,2002-09-01T00:00:00,24.9320
35,Tula Oblast,2002-10-01T00:00:00,24.3500
35,Tula Oblast,2002-11-01T00:00:00,25.6200
35,Tula Oblast,2002-12-01T00:00:00,25.1300
35,Tula Oblast,2003-01-01T00:00:00,23.7100
35,Tula Oblast,2003-02-01T00:00:00,24.2700
35,Tula Oblast,2003-03-01T00:00:00,23.8100
35,Tula Oblast,2003-04-01T00:00:00,23.6500
35,Tula Oblast,2003-05-01T00:00:00,23.4100
35,Tula Oblast,2003-06-01T00:00:00,22.7800
35,Tula Oblast,2003-07-01T00:00:00,22.2100
35,Tula Oblast,2003-08-01T00:00:00,20.4100
35,Tula Oblast,2003-09-01T00:00:00,20.6700
35,Tula Oblast,2003-10-01T00:00:00,20.0800
35,Tula Oblast,2003-11-01T00:00:00,19.7800
35,Tula Oblast,2003-12-01T00:00:00,21.0900
35,Tula Oblast,2004-01-01T00:00:00,19.6000
35,Tula Oblast,2004-02-01T00:00:00,18.8000
35,Tula Oblast,2004-03-01T00:00:00,19.3900
35,Tula Oblast,2004-04-01T00:00:00,18.0400
37,Tver Oblast,2001-01-01T00:00:00,33.8000
37,Tver Oblast,2001-02-01T00:00:00,29.3172
37,Tver Oblast,2001-03-01T00:00:00,29.2344
37,Tver Oblast,2001-04-01T00:00:00,36.8025
37,Tver Oblast,2001-05-01T00:00:00,28.5149
37,Tver Oblast,2001-06-01T00:00:00,26.5412
37,Tver Oblast,2001-07-01T00:00:00,30.2195
37,Tver Oblast,2001-08-01T00:00:00,27.1499
37,Tver Oblast,2001-09-01T00:00:00,29.3017
37,Tver Oblast,2001-10-01T00:00:00,29.9805
37,Tver Oblast,2001-11-01T00:00:00,31.1400
37,Tver Oblast,2001-12-01T00:00:00,27.3983
37,Tver Oblast,2002-01-01T00:00:00,26.7065
37,Tver Oblast,2002-02-01T00:00:00,28.1257
37,Tver Oblast,2002-03-01T00:00:00,26.8407
37,Tver Oblast,2002-04-01T00:00:00,27.0258
37,Tver Oblast,2002-05-01T00:00:00,26.9981
37,Tver Oblast,2002-06-01T00:00:00,26.5412
37,Tver Oblast,2002-07-01T00:00:00,26.3032
37,Tver Oblast,2002-08-01T00:00:00,25.4613
37,Tver Oblast,2002-09-01T00:00:00,23.8804
37,Tver Oblast,2002-10-01T00:00:00,24.5228
37,Tver Oblast,2002-11-01T00:00:00,24.0496
37,Tver Oblast,2002-12-01T00:00:00,24.5158
37,Tver Oblast,2003-01-01T00:00:00,23.9530
37,Tver Oblast,2003-02-01T00:00:00,24.0211
37,Tver Oblast,2003-03-01T00:00:00,23.2649
37,Tver Oblast,2003-04-01T00:00:00,23.2486
37,Tver Oblast,2003-05-01T00:00:00,21.8027
37,Tver Oblast,2003-06-01T00:00:00,20.3820
37,Tver Oblast,2003-07-01T00:00:00,21.8753
37,Tver Oblast,2003-08-01T00:00:00,21.0633
37,Tver Oblast,2003-09-01T00:00:00,19.5913
37,Tver Oblast,2003-10-01T00:00:00,20.7837
37,Tver Oblast,2003-11-01T00:00:00,20.8662
37,Tver Oblast,2003-12-01T00:00:00,20.3622
37,Tver Oblast,2004-01-01T00:00:00,18.2761
37,Tver Oblast,2004-02-01T00:00:00,18.4378
37,Tver Oblast,2004-03-01T00:00:00,17.4056
37,Tver Oblast,2004-04-01T00:00:00,17.5012
37,Tver Oblast,2004-05-01T00:00:00,14.6915
46,Bryansk Oblast,2001-01-01T00:00:00,25.1000
46,Bryansk Oblast,2001-02-01T00:00:00,26.2000
46,Bryansk Oblast,2001-03-01T00:00:00,24.5000
46,Bryansk Oblast,2001-04-01T00:00:00,23.6000
46,Bryansk Oblast,2001-05-01T00:00:00,24.6000
46,Bryansk Oblast,2001-06-01T00:00:00,24.6000
46,Bryansk Oblast,2001-07-01T00:00:00,24.9000
46,Bryansk Oblast,2001-08-01T00:00:00,24.2000
46,Bryansk Oblast,2001-09-01T00:00:00,24.0000
46,Bryansk Oblast,2001-10-01T00:00:00,22.4000
46,Bryansk Oblast,2001-11-01T00:00:00,19.4000
46,Bryansk Oblast,2001-12-01T00:00:00,21.5000
46,Bryansk Oblast,2002-01-01T00:00:00,24.7000
46,Bryansk Oblast,2002-02-01T00:00:00,24.0000
46,Bryansk Oblast,2002-03-01T00:00:00,24.1000
46,Bryansk Oblast,2002-04-01T00:00:00,24.2000
46,Bryansk Oblast,2002-05-01T00:00:00,24.2000
46,Bryansk Oblast,2002-06-01T00:00:00,22.6000
46,Bryansk Oblast,2002-07-01T00:00:00,23.9000
46,Bryansk Oblast,2002-08-01T00:00:00,23.5000
46,Bryansk Oblast,2002-09-01T00:00:00,19.8000
46,Bryansk Oblast,2002-10-01T00:00:00,21.5000
46,Bryansk Oblast,2002-11-01T00:00:00,22.0000
46,Bryansk Oblast,2002-12-01T00:00:00,21.7000
46,Bryansk Oblast,2003-01-01T00:00:00,21.7000
46,Bryansk Oblast,2003-02-01T00:00:00,20.0000
46,Bryansk Oblast,2003-03-01T00:00:00,21.1000
46,Bryansk Oblast,2003-04-01T00:00:00,20.3000
46,Bryansk Oblast,2003-05-01T00:00:00,19.4000
46,Bryansk Oblast,2003-06-01T00:00:00,19.7000
46,Bryansk Oblast,2003-07-01T00:00:00,19.3000
46,Bryansk Oblast,2003-08-01T00:00:00,18.1000
46,Bryansk Oblast,2003-09-01T00:00:00,18.2000
46,Bryansk Oblast,2003-10-01T00:00:00,16.9000
46,Bryansk Oblast,2003-11-01T00:00:00,17.3000
46,Bryansk Oblast,2003-12-01T00:00:00,16.9000
46,Bryansk Oblast,2004-01-01T00:00:00,17.0000
46,Bryansk Oblast,2004-02-01T00:00:00,16.4000
46,Bryansk Oblast,2004-03-01T00:00:00,15.3000
46,Bryansk Oblast,2004-04-01T00:00:00,15.3000
46,Bryansk Oblast,2004-05-01T00:00:00,14.9000
47,Kursk Oblast,2001-01-01T00:00:00,28.3800
47,Kursk Oblast,2001-02-01T00:00:00,27.0800
47,Kursk Oblast,2001-03-01T00:00:00,26.0000
47,Kursk Oblast,2001-04-01T00:00:00,25.8000
47,Kursk Oblast,2001-05-01T00:00:00,25.8400
47,Kursk Oblast,2001-06-01T00:00:00,26.8600
47,Kursk Oblast,2001-07-01T00:00:00,26.7000
47,Kursk Oblast,2001-08-01T00:00:00,23.9200
47,Kursk Oblast,2001-09-01T00:00:00,25.8300
47,Kursk Oblast,2001-10-01T00:00:00,25.6200
47,Kursk Oblast,2001-11-01T00:00:00,25.5800
47,Kursk Oblast,2001-12-01T00:00:00,25.0300
47,Kursk Oblast,2002-01-01T00:00:00,24.9600
47,Kursk Oblast,2002-02-01T00:00:00,24.6100
47,Kursk Oblast,2002-03-01T00:00:00,24.4900
47,Kursk Oblast,2002-04-01T00:00:00,24.4900
47,Kursk Oblast,2002-05-01T00:00:00,24.0900
47,Kursk Oblast,2002-06-01T00:00:00,24.3000
47,Kursk Oblast,2002-07-01T00:00:00,23.9300
47,Kursk Oblast,2002-08-01T00:00:00,23.6400
47,Kursk Oblast,2002-09-01T00:00:00,23.7300
47,Kursk Oblast,2002-10-01T00:00:00,23.0400
47,Kursk Oblast,2002-11-01T00:00:00,21.1400
47,Kursk Oblast,2002-12-01T00:00:00,22.8400
47,Kursk Oblast,2003-01-01T00:00:00,22.5900
47,Kursk Oblast,2003-02-01T00:00:00,22.6000
47,Kursk Oblast,2003-03-01T00:00:00,22.4100
47,Kursk Oblast,2003-04-01T00:00:00,22.2900
47,Kursk Oblast,2003-05-01T00:00:00,21.4000
47,Kursk Oblast,2003-06-01T00:00:00,21.1900
47,Kursk Oblast,2003-07-01T00:00:00,20.9900
47,Kursk Oblast,2003-08-01T00:00:00,20.6400
47,Kursk Oblast,2003-09-01T00:00:00,19.9900
47,Kursk Oblast,2003-10-01T00:00:00,19.7400
47,Kursk Oblast,2003-11-01T00:00:00,19.7400
47,Kursk Oblast,2003-12-01T00:00:00,18.2500
47,Kursk Oblast,2004-01-01T00:00:00,18.6000
47,Kursk Oblast,2004-02-01T00:00:00,17.9000
47,Kursk Oblast,2004-03-01T00:00:00,16.3300
47,Kursk Oblast,2004-04-01T00:00:00,16.7600
47,Kursk Oblast,2004-05-01T00:00:00,18.2700
48,Lipetsk Oblast,2001-01-01T00:00:00,29.0500
48,Lipetsk Oblast,2001-02-01T00:00:00,25.3900
48,Lipetsk Oblast,2001-03-01T00:00:00,25.5600
48,Lipetsk Oblast,2001-04-01T00:00:00,24.9500
48,Lipetsk Oblast,2001-05-01T00:00:00,24.6000
48,Lipetsk Oblast,2001-06-01T00:00:00,23.9400
48,Lipetsk Oblast,2001-07-01T00:00:00,22.9200
48,Lipetsk Oblast,2001-08-01T00:00:00,21.3200
48,Lipetsk Oblast,2001-09-01T00:00:00,22.7000
48,Lipetsk Oblast,2001-10-01T00:00:00,22.3200
48,Lipetsk Oblast,2001-11-01T00:00:00,23.0100
48,Lipetsk Oblast,2001-12-01T00:00:00,22.7300
48,Lipetsk Oblast,2002-01-01T00:00:00,23.4800
48,Lipetsk Oblast,2002-02-01T00:00:00,13.9900
48,Lipetsk Oblast,2002-03-01T00:00:00,22.2000
48,Lipetsk Oblast,2002-04-01T00:00:00,22.4700
48,Lipetsk Oblast,2002-05-01T00:00:00,21.4400
48,Lipetsk Oblast,2002-06-01T00:00:00,21.8700
48,Lipetsk Oblast,2002-07-01T00:00:00,22.8500
48,Lipetsk Oblast,2002-08-01T00:00:00,20.7700
48,Lipetsk Oblast,2002-09-01T00:00:00,23.0400
48,Lipetsk Oblast,2002-10-01T00:00:00,22.5200
48,Lipetsk Oblast,2002-11-01T00:00:00,19.9000
48,Lipetsk Oblast,2002-12-01T00:00:00,21.0000
48,Lipetsk Oblast,2003-01-01T00:00:00,20.8000
48,Lipetsk Oblast,2003-02-01T00:00:00,20.2000
48,Lipetsk Oblast,2003-03-01T00:00:00,19.9000
48,Lipetsk Oblast,2003-04-01T00:00:00,18.1000
48,Lipetsk Oblast,2003-05-01T00:00:00,19.2000
48,Lipetsk Oblast,2003-06-01T00:00:00,19.4000
48,Lipetsk Oblast,2003-07-01T00:00:00,19.6000
48,Lipetsk Oblast,2003-08-01T00:00:00,18.8000
48,Lipetsk Oblast,2003-09-01T00:00:00,18.2000
48,Lipetsk Oblast,2003-10-01T00:00:00,18.1000
48,Lipetsk Oblast,2003-11-01T00:00:00,17.4000
48,Lipetsk Oblast,2003-12-01T00:00:00,16.9000
48,Lipetsk Oblast,2004-01-01T00:00:00,16.6000
48,Lipetsk Oblast,2004-02-01T00:00:00,17.3000
48,Lipetsk Oblast,2004-03-01T00:00:00,15.9000
48,Lipetsk Oblast,2004-04-01T00:00:00,16.3000
48,Lipetsk Oblast,2004-05-01T00:00:00,14.4000
49,Oryol Oblast,2001-01-01T00:00:00,29.8400
49,Oryol Oblast,2001-02-01T00:00:00,30.6700
49,Oryol Oblast,2001-03-01T00:00:00,29.7400
49,Oryol Oblast,2001-04-01T00:00:00,29.6700
49,Oryol Oblast,2001-05-01T00:00:00,28.7900
49,Oryol Oblast,2001-06-01T00:00:00,28.2700
49,Oryol Oblast,2001-07-01T00:00:00,28.4800
49,Oryol Oblast,2001-08-01T00:00:00,27.8200
49,Oryol Oblast,2001-09-01T00:00:00,29.9000
49,Oryol Oblast,2001-10-01T00:00:00,27.1200
49,Oryol Oblast,2001-11-01T00:00:00,28.6800
49,Oryol Oblast,2001-12-01T00:00:00,28.6900
49,Oryol Oblast,2002-01-01T00:00:00,26.2200
49,Oryol Oblast,2002-02-01T00:00:00,28.0000
49,Oryol Oblast,2002-03-01T00:00:00,26.4800
49,Oryol Oblast,2002-04-01T00:00:00,25.4900
49,Oryol Oblast,2002-05-01T00:00:00,25.7100
49,Oryol Oblast,2002-06-01T00:00:00,25.1700
49,Oryol Oblast,2002-07-01T00:00:00,25.5900
49,Oryol Oblast,2002-08-01T00:00:00,26.3600
49,Oryol Oblast,2002-09-01T00:00:00,24.3400
49,Oryol Oblast,2002-10-01T00:00:00,18.5500
49,Oryol Oblast,2002-11-01T00:00:00,21.5800
49,Oryol Oblast,2002-12-01T00:00:00,16.5600
49,Oryol Oblast,2003-01-01T00:00:00,21.7500
49,Oryol Oblast,2003-02-01T00:00:00,20.9600
49,Oryol Oblast,2003-03-01T00:00:00,20.8100
49,Oryol Oblast,2003-04-01T00:00:00,24.4100
49,Oryol Oblast,2003-05-01T00:00:00,19.0500
49,Oryol Oblast,2003-06-01T00:00:00,18.0100
49,Oryol Oblast,2003-07-01T00:00:00,15.5900
49,Oryol Oblast,2003-08-01T00:00:00,11.7900
49,Oryol Oblast,2003-09-01T00:00:00,13.7900
49,Oryol Oblast,2003-10-01T00:00:00,15.7500
49,Oryol Oblast,2003-11-01T00:00:00,17.1000
49,Oryol Oblast,2003-12-01T00:00:00,15.2800
49,Oryol Oblast,2004-01-01T00:00:00,16.9800
49,Oryol Oblast,2004-02-01T00:00:00,17.2800
49,Oryol Oblast,2004-03-01T00:00:00,16.0400
49,Oryol Oblast,2004-04-01T00:00:00,17.1700
49,Oryol Oblast,2004-05-01T00:00:00,14.0700
50,Smolensk Oblast,2001-01-01T00:00:00,27.2000
50,Smolensk Oblast,2001-02-01T00:00:00,28.0000
50,Smolensk Oblast,2001-03-01T00:00:00,25.7000
50,Smolensk Oblast,2001-04-01T00:00:00,25.4000
50,Smolensk Oblast,2001-05-01T00:00:00,27.6000
50,Smolensk Oblast,2001-06-01T00:00:00,25.3000
50,Smolensk Oblast,2001-07-01T00:00:00,25.7000
50,Smolensk Oblast,2001-08-01T00:00:00,25.7000
50,Smolensk Oblast,2001-09-01T00:00:00,26.9000
50,Smolensk Oblast,2001-10-01T00:00:00,22.9000
50,Smolensk Oblast,2001-11-01T00:00:00,26.1000
50,Smolensk Oblast,2001-12-01T00:00:00,26.9000
50,Smolensk Oblast,2002-01-01T00:00:00,26.7000
50,Smolensk Oblast,2002-02-01T00:00:00,20.5000
50,Smolensk Oblast,2002-03-01T00:00:00,27.2000
50,Smolensk Oblast,2002-04-01T00:00:00,26.3000
50,Smolensk Oblast,2002-05-01T00:00:00,25.9000
50,Smolensk Oblast,2002-06-01T00:00:00,25.2000
50,Smolensk Oblast,2002-07-01T00:00:00,19.6000
50,Smolensk Oblast,2002-08-01T00:00:00,21.3200
50,Smolensk Oblast,2002-09-01T00:00:00,21.0800
50,Smolensk Oblast,2002-10-01T00:00:00,23.1000
50,Smolensk Oblast,2002-11-01T00:00:00,20.5900
50,Smolensk Oblast,2002-12-01T00:00:00,20.6100
50,Smolensk Oblast,2003-01-01T00:00:00,22.0800
50,Smolensk Oblast,2003-02-01T00:00:00,20.6900
50,Smolensk Oblast,2003-03-01T00:00:00,22.8300
50,Smolensk Oblast,2003-04-01T00:00:00,19.8700
50,Smolensk Oblast,2003-05-01T00:00:00,18.4300
50,Smolensk Oblast,2003-06-01T00:00:00,18.3000
50,Smolensk Oblast,2003-07-01T00:00:00,18.8300
50,Smolensk Oblast,2003-08-01T00:00:00,17.5400
50,Smolensk Oblast,2003-09-01T00:00:00,19.1800
50,Smolensk Oblast,2003-10-01T00:00:00,18.7900
50,Smolensk Oblast,2003-11-01T00:00:00,14.6800
50,Smolensk Oblast,2003-12-01T00:00:00,20.0400
50,Smolensk Oblast,2004-01-01T00:00:00,18.8000
50,Smolensk Oblast,2004-02-01T00:00:00,19.4000
50,Smolensk Oblast,2004-03-01T00:00:00,21.3700
50,Smolensk Oblast,2004-04-01T00:00:00,17.7600
50,Smolensk Oblast,2004-05-01T00:00:00,18.7500
51,Tambov Oblast,2001-01-01T00:00:00,28.8000
51,Tambov Oblast,2001-02-01T00:00:00,27.4000
51,Tambov Oblast,2001-03-01T00:00:00,31.2000
51,Tambov Oblast,2001-04-01T00:00:00,28.1000
51,Tambov Oblast,2001-05-01T00:00:00,28.7000
51,Tambov Oblast,2001-06-01T00:00:00,31.5000
51,Tambov Oblast,2001-07-01T00:00:00,19.6000
51,Tambov Oblast,2001-08-01T00:00:00,21.8000
51,Tambov Oblast,2001-09-01T00:00:00,28.0000
51,Tambov Oblast,2001-10-01T00:00:00,24.6000
51,Tambov Oblast,2001-11-01T00:00:00,20.9000
51,Tambov Oblast,2001-12-01T00:00:00,22.4000
51,Tambov Oblast,2002-01-01T00:00:00,23.6000
51,Tambov Oblast,2002-02-01T00:00:00,27.6000
51,Tambov Oblast,2002-03-01T00:00:00,27.0000
51,Tambov Oblast,2002-04-01T00:00:00,26.2000
51,Tambov Oblast,2002-05-01T00:00:00,22.9000
51,Tambov Oblast,2002-06-01T00:00:00,25.7000
51,Tambov Oblast,2002-07-01T00:00:00,26.5000
51,Tambov Oblast,2002-08-01T00:00:00,25.5000
51,Tambov Oblast,2002-09-01T00:00:00,24.6000
51,Tambov Oblast,2002-10-01T00:00:00,23.5000
51,Tambov Oblast,2002-11-01T00:00:00,23.7000
51,Tambov Oblast,2002-12-01T00:00:00,23.6000
51,Tambov Oblast,2003-01-01T00:00:00,23.4500
51,Tambov Oblast,2003-02-01T00:00:00,20.6000
51,Tambov Oblast,2003-03-01T00:00:00,22.7000
51,Tambov Oblast,2003-04-01T00:00:00,19.3000
51,Tambov Oblast,2003-05-01T00:00:00,20.2000
51,Tambov Oblast,2003-06-01T00:00:00,21.2000
51,Tambov Oblast,2003-07-01T00:00:00,22.4000
51,Tambov Oblast,2003-08-01T00:00:00,19.2500
51,Tambov Oblast,2003-09-01T00:00:00,17.5500
51,Tambov Oblast,2003-10-01T00:00:00,17.8500
51,Tambov Oblast,2003-11-01T00:00:00,18.0500
51,Tambov Oblast,2003-12-01T00:00:00,19.2800
51,Tambov Oblast,2004-01-01T00:00:00,12.5400
51,Tambov Oblast,2004-02-01T00:00:00,18.3900
51,Tambov Oblast,2004-03-01T00:00:00,15.4000
51,Tambov Oblast,2004-04-01T00:00:00,17.3000
51,Tambov Oblast,2004-05-01T00:00:00,17.2000